Anne,Gazaix,anne_gazaix.jpg
Antoine,Dechaume,antoine_dechaume.jpg
Arthur,Piat,arthur_piat.jpg
Benoit,Pauwels,benoit_pauwels.jpg
Charlie,Vanaret,charlie_vanaret.jpg
Damien,Guénot,damien_guenot.png
François,Gallard,francois_gallard.jpg
Gilberto,Ruiz Jimenez,gilberto_ruiz-jimenez.jpg
Jean-Christophe,Giret,jean-christophe_giret.jpg
Matthias,De Lozzo,matthias_de-lozzo.jpg
Nicolas,Roussouly,nicolas_roussouly.jpg
Pierre-Jean,Barjhoux,pierre-jean_barjhoux.jpg
Reda,El Amri,reda_elamri.png
Rémi,Lafage,remi_lafage.jpg
Selime,Gürol,selime_gurol.jpg
Syver,Doving Agdestein,syver_doving-agdestein.jpg
Vincent,Gachelin,vincent_gachelin.png
Yann,David,yann_david.jpg
Simone,Coniglio,simone_coniglio.jpg
